train_acc,train_loss,val_acc,val_loss
0.023663157894736837,4.4146204,0.047200000000000006,4.1759224
0.0536,4.1114407,0.0764,3.969837
